,City,Cloudiness,Country,Date,Humidity,Lat,Lng,Max Temp,Wind Speed
0,Kaitangata,58,NZ,1580869642,43,-46.28,169.85,64.99,13.0
1,Hermanus,1,ZA,1580869643,89,-34.42,19.23,66.99,16.51
2,Alausi,100,EC,1580869644,97,-2.2,-78.83,57.52,1.41
3,Tiksi,94,RU,1580869645,91,71.69,128.87,-27.11,3.98
4,Puerto Ayora,87,EC,1580869646,3,-0.74,-90.35,79.0,3.0
5,New Norfolk,40,AU,1580869648,63,-42.78,147.06,72.0,21.92
6,Touros,20,BR,1580869649,83,-5.2,-35.46,78.8,4.7
7,Hilo,1,US,1580869650,57,19.73,-155.09,80.6,12.75
8,Nanortalik,100,GL,1580869651,84,60.14,-45.24,31.28,33.69
9,Bambous Virieux,75,MU,1580869652,83,-20.34,57.76,78.8,11.41
10,Balikpapan,20,ID,1580869653,66,-1.27,116.83,86.0,4.7
11,Bauchi,95,NG,1580869654,20,10.5,10.0,60.13,5.23
12,Hong Kong,40,HK,1580869655,72,22.29,114.16,69.01,11.41
13,Provideniya,100,RU,1580869656,64,64.38,-173.3,-0.4,22.37
14,Shellbrook,75,CA,1580869658,78,53.22,-106.4,14.0,6.93
15,Surgut,90,RU,1580869659,100,61.25,73.42,24.8,15.66
16,Qaanaaq,0,GL,1580869660,49,77.48,-69.36,-19.19,5.41
17,Altar,0,MX,1580869661,26,30.7,-111.82,45.0,1.99
18,Bluff,80,NZ,1580869662,59,-46.6,168.33,63.0,5.01
19,Cape Town,75,ZA,1580869654,88,-33.93,18.42,69.01,6.93
20,Abu Kamal,0,SY,1580869664,65,34.45,40.92,49.53,6.35
21,Olafsvik,100,IS,1580869665,96,64.89,-23.71,41.09,14.45
22,Tasiilaq,100,GL,1580869667,79,65.61,-37.64,26.6,32.21
23,Los Llanos de Aridane,0,ES,1580869668,52,28.66,-17.92,68.0,13.87
24,Kodiak,90,US,1580869669,100,57.79,-152.41,33.8,5.46
25,La Palma,1,US,1580869646,16,33.85,-118.05,57.99,3.62
26,Vaini,40,TO,1580869598,79,-21.2,-175.2,84.2,6.93
27,Goderich,95,CA,1580869534,78,43.75,-81.72,28.99,18.01
28,Meadow Lake,90,US,1580869673,100,34.8,-106.54,30.0,5.82
29,Geraldton,0,AU,1580869674,61,-28.77,114.6,82.4,9.17
30,Kudahuvadhoo,32,MV,1580869676,75,2.67,72.89,81.86,9.84
31,Ribeira Grande,79,PT,1580869677,86,38.52,-28.7,57.94,17.65
32,Kruisfontein,51,ZA,1580869678,94,-34.0,24.73,68.79,4.18
33,Souillac,75,MU,1580869679,83,-20.52,57.52,78.8,11.41
34,East London,72,ZA,1580869680,65,-33.02,27.91,79.7,1.66
35,Port Alfred,38,ZA,1580869681,96,-33.59,26.89,68.0,1.99
36,Rikitea,100,PF,1580869682,85,-23.12,-134.97,76.96,15.55
37,Riverside,1,US,1580869683,11,33.73,-116.05,53.6,5.82
38,Sarnen,90,CH,1580869685,98,46.9,8.25,39.2,1.12
39,Noumea,62,NC,1580869528,46,-22.28,166.46,91.4,18.34
40,Ushuaia,90,AR,1580869664,87,-54.8,-68.3,44.6,17.22
41,Kahului,40,US,1580869612,54,20.89,-156.47,80.6,12.75
42,Kumla,17,SE,1580869689,86,59.13,15.14,28.99,9.17
43,Bolshoy Lug,100,RU,1580869690,64,52.08,104.09,-2.2,8.95
44,Chokurdakh,99,RU,1580869691,98,70.63,147.92,-16.22,4.7
45,Nikolskoye,0,RU,1580869692,79,59.7,30.79,19.4,11.18
46,Albany,90,US,1580869693,56,42.6,-73.97,42.01,9.17
47,Aswan,0,EG,1580869695,54,24.09,32.91,55.4,10.29
48,Nome,90,US,1580869696,78,64.5,-165.41,12.0,14.99
49,Cidreira,84,BR,1580869534,81,-30.18,-50.21,76.17,27.09
50,Arraial do Cabo,100,BR,1580869698,88,-22.97,-42.03,77.18,14.54
51,Barcelos,0,PT,1580869699,100,41.54,-8.62,55.99,5.75
52,Monduli,75,TZ,1580869700,88,-3.3,36.45,62.6,4.7
53,Ypsonas,75,CY,1580869701,82,34.69,32.96,62.6,11.41
54,Sangar,74,RU,1580869702,96,63.92,127.47,-37.16,1.23
55,Abu Samrah,79,SY,1580869703,73,35.3,37.18,51.08,11.72
56,Jamestown,90,US,1580869632,86,42.1,-79.24,34.0,11.41
57,Hasaki,19,JP,1580869706,43,35.73,140.83,54.0,9.17
58,Codrington,63,AU,1580869707,74,-38.27,141.97,58.68,15.97
59,City of San Pedro,40,PH,1580869708,58,14.35,121.02,84.99,5.82
60,Mataura,66,NZ,1580869709,59,-46.19,168.86,63.0,5.01
61,Oodweyne,22,SO,1580869710,67,9.41,45.06,62.8,5.12
62,Ballina,100,AU,1580869712,69,-28.87,153.57,75.2,9.17
63,Torbay,90,CA,1580869713,73,47.67,-52.73,28.0,17.22
64,Poum,60,NC,1580869714,78,-20.23,164.02,80.01,25.43
65,Mahebourg,75,MU,1580869715,83,-20.41,57.7,78.8,11.41
66,Saskylakh,0,RU,1580869716,91,71.92,114.08,-32.69,10.16
67,Punta Arenas,75,CL,1580869717,61,-53.15,-70.92,50.0,11.41
68,Gardner,90,US,1580869675,74,42.58,-72.0,41.0,5.64
69,Kapaa,40,US,1580869719,69,22.08,-159.32,80.6,11.41
70,Kavieng,100,PG,1580869720,79,-2.57,150.8,83.84,14.03
71,Drayton Valley,100,CA,1580869722,86,53.22,-114.99,23.31,7.78
72,Yangi Marg`ilon,100,UZ,1580869723,79,40.43,71.72,32.0,6.93
73,Bethel,90,US,1580869724,87,41.37,-73.41,51.01,6.98
74,Hithadhoo,92,MV,1580869725,75,-0.6,73.08,82.65,9.22
75,Anamalais,40,IN,1580869726,83,10.58,76.93,73.4,4.7
76,East Wenatchee Bench,90,US,1580869727,74,47.43,-120.28,33.8,8.05
77,Avarua,75,CK,1580869728,79,-21.21,-159.78,86.0,6.93
78,Muroto,20,JP,1580869730,30,33.28,134.15,53.6,6.93
79,Hopewell,40,US,1580869490,59,37.3,-77.29,63.0,4.7
80,Thompson,90,CA,1580869695,84,55.74,-97.86,-0.4,5.82
81,Hobart,40,AU,1580869513,63,-42.88,147.33,68.0,21.92
82,Lavrentiya,100,RU,1580869734,86,65.58,-171.0,-17.55,11.86
83,Gigmoto,100,PH,1580869735,80,13.78,124.39,79.83,13.6
84,Katsuura,20,JP,1580869736,41,35.13,140.3,57.2,11.41
85,Faanui,70,PF,1580869737,80,-16.48,-151.75,81.59,15.79
86,Salalah,47,OM,1580869739,30,17.02,54.09,69.8,5.82
87,Cap Malheureux,75,MU,1580869740,83,-19.98,57.61,78.8,11.41
88,Alofi,96,NU,1580869741,78,-19.06,-169.92,82.89,22.48
89,Tuktoyaktuk,90,CA,1580869742,75,69.45,-133.04,-14.8,9.17
90,Keta,40,GH,1580869743,88,5.92,0.99,80.6,4.7
91,Bredasdorp,0,ZA,1580869744,88,-34.53,20.04,68.0,4.7
92,North Myrtle Beach,1,US,1580869509,93,33.82,-78.68,62.01,13.87
93,Lichinga,100,MZ,1580869746,91,-13.31,35.24,69.85,0.96
94,Tortosa,0,ES,1580869747,61,40.81,0.52,51.01,8.05
95,Rock Springs,1,US,1580869749,77,41.59,-109.2,3.2,13.87
96,Dikson,100,RU,1580869750,90,73.51,80.55,7.5,24.36
97,Ostrovnoy,0,RU,1580869751,90,68.05,39.51,2.97,11.95
98,Amapa,91,BR,1580869752,94,1.0,-52.0,72.72,3.06
99,Mehamn,65,NO,1580869753,52,71.04,27.85,14.81,9.08
100,Saint-Joseph,75,RE,1580869754,78,-21.37,55.62,78.8,10.29
101,Cayenne,20,GF,1580869755,88,4.93,-52.33,75.2,6.76
102,Port Lincoln,0,AU,1580869756,56,-34.73,135.87,70.07,12.1
103,Richards Bay,0,ZA,1580869758,83,-28.78,32.04,77.85,22.17
104,Lishu,0,CN,1580869759,83,43.3,124.33,-7.65,4.56
105,Bukama,100,CD,1580869760,99,-9.2,25.85,68.13,0.87
106,Nago,75,JP,1580869761,72,26.59,127.98,66.2,13.87
107,Hobyo,88,SO,1580869762,76,5.35,48.53,73.54,13.49
108,Vila Velha,75,BR,1580869659,88,-20.33,-40.29,79.0,8.05
109,Bathsheba,40,BB,1580869764,74,13.22,-59.52,78.8,14.99
110,Krasnoarmeyskoye,11,RU,1580869766,94,52.72,50.03,14.02,10.0
111,Busselton,0,AU,1580869692,13,-33.65,115.33,98.01,11.52
112,Proddatur,72,IN,1580869768,71,14.73,78.55,73.17,8.08
113,Ponta do Sol,20,PT,1580869769,68,32.67,-17.1,70.0,5.82
114,Shingu,40,JP,1580869770,51,33.73,135.98,51.8,18.34
115,Barrow,1,US,1580869771,96,71.29,-156.79,-29.2,6.93
116,Sibolga,24,ID,1580869772,59,1.74,98.78,84.87,2.46
117,Hearst,56,CA,1580869610,91,49.68,-83.67,-3.95,7.99
118,Yeppoon,40,AU,1580869521,46,-23.13,150.73,91.4,11.41
119,Boden,23,SE,1580869776,83,65.83,21.69,-4.0,4.94
120,Surubim,40,BR,1580869777,88,-7.83,-35.75,75.2,10.29
121,Luderitz,100,NA,1580869778,88,-26.65,15.16,66.2,6.93
122,Saint-Philippe,75,RE,1580869779,78,-21.36,55.77,78.8,10.29
123,Bengkulu,100,ID,1580869780,59,-3.8,102.27,86.56,0.94
124,Lompoc,1,US,1580869781,43,34.64,-120.46,53.6,5.82
125,Port Elizabeth,40,ZA,1580869782,88,-33.92,25.57,73.4,6.93
126,Yellowknife,5,CA,1580869783,74,62.46,-114.35,-23.01,8.05
127,Achit,100,RU,1580869785,96,56.8,57.9,24.87,6.51
128,Padang,77,ID,1580869786,56,-0.95,100.35,81.03,2.42
129,Discovery Bay,1,US,1580869787,45,37.91,-121.6,52.0,6.93
130,Gamba,44,GA,1580869788,91,-2.65,10.0,74.88,4.56
131,Curup,100,ID,1580869509,61,-3.47,102.53,80.37,1.61
132,Qaqortoq,100,GL,1580869790,31,60.72,-46.03,35.6,27.51
133,Longyearbyen,20,SJ,1580869791,63,78.22,15.64,-9.4,2.24
134,Kjollefjord,33,NO,1580869792,49,70.95,27.35,17.11,8.86
135,Kropotkin,100,RU,1580869794,71,45.44,40.58,34.97,12.77
136,Bonavista,0,CA,1580869795,79,48.65,-53.11,25.0,14.0
137,Ngunguru,0,NZ,1580869796,63,-35.62,174.5,80.01,4.0
138,Las Vegas,1,US,1580869582,8,36.17,-115.14,46.4,12.75
139,Beringovskiy,100,RU,1580869798,91,63.05,179.32,-7.92,27.51
140,Ilulissat,0,GL,1580869799,70,69.22,-51.1,-0.4,2.24
141,Kulhudhuffushi,22,MV,1580869800,71,6.62,73.07,81.63,10.74
142,Xining,100,CN,1580869802,24,36.62,101.77,23.95,3.27
143,Yanam,40,IN,1580869803,88,16.73,82.22,75.2,4.7
144,Sittwe,0,MM,1580869804,40,20.15,92.9,66.81,8.12
145,Santa Rosa,40,PH,1580869676,58,14.31,121.11,84.99,5.82
146,Vermilion,90,US,1580869806,80,40.17,-87.75,36.0,23.04
147,Lagoa,4,PT,1580869807,80,39.05,-27.98,62.17,23.31
148,Butaritari,100,KI,1580869809,76,3.07,172.79,83.59,15.55
149,Pandan,100,PH,1580869810,82,14.05,124.17,79.07,15.1
150,Olinda,40,BR,1580869811,74,-8.01,-34.86,84.2,5.82
151,Kavaratti,61,IN,1580869812,77,10.57,72.64,80.33,15.84
152,Zhezkazgan,90,KZ,1580869813,92,47.8,67.71,23.0,8.95
153,Lovozero,94,RU,1580869814,64,68.0,35.01,10.9,7.49
154,Atuona,99,PF,1580869815,76,-9.8,-139.03,81.14,15.1
155,Klaksvik,100,FO,1580869817,87,62.23,-6.59,46.4,23.04
156,Selma,33,US,1580869818,36,36.57,-119.61,50.0,6.02
157,Nouadhibou,0,MR,1580869819,48,20.93,-17.03,66.2,14.99
158,Arlit,0,NE,1580869820,27,18.74,7.39,60.89,8.14
159,George Town,20,MY,1580869821,65,5.41,100.34,82.4,8.05
160,Gorontalo,27,ID,1580869822,70,0.54,123.06,86.05,2.15
161,Luwingu,100,ZM,1580869823,98,-10.26,29.93,63.84,3.22
162,Clyde River,75,CA,1580869824,82,70.47,-68.59,-18.4,14.99
163,Maniitsoq,91,GL,1580869825,84,65.42,-52.9,24.57,4.27
164,Carnarvon,33,AU,1580869827,83,-24.87,113.63,80.6,13.87
165,Scituate,75,US,1580869828,93,42.2,-70.73,41.0,10.74
166,Margate,40,GB,1580869829,75,51.38,1.39,44.01,9.17
167,Vanderbijlpark,0,ZA,1580869830,25,-26.71,27.84,66.0,8.1
168,Sistranda,75,NO,1580869831,86,63.73,8.83,37.99,21.92
169,Saint George,1,US,1580869823,26,37.1,-113.58,33.8,29.97
170,Laguna,1,US,1580869833,39,38.42,-121.42,50.0,8.05
171,Castro,49,BR,1580869663,94,-24.79,-50.01,63.25,7.07
172,High Level,75,CA,1580869836,91,58.52,-117.14,-4.0,5.06
173,Roebourne,100,AU,1580869835,9,-20.78,117.13,104.49,16.87
174,Conceicao do Araguaia,82,BR,1580869838,93,-8.26,-49.26,72.82,2.53
175,Belokurikha,98,RU,1580869839,81,52.0,84.99,21.13,4.21
176,Yantongshan,47,CN,1580869840,87,43.29,126.01,-8.05,4.14
177,Wanning,66,CN,1580869841,85,18.8,110.4,71.37,9.95
178,Cabo San Lucas,75,MX,1580869802,82,22.89,-109.91,66.2,11.41
179,Tatarsk,43,RU,1580869843,93,55.22,75.98,19.11,11.41
180,Port Blair,45,IN,1580869845,67,11.67,92.75,78.96,12.48
181,Kerema,100,PG,1580869846,73,-7.96,145.78,81.19,4.09
182,Amargosa,73,BR,1580869847,98,-13.03,-39.6,71.01,2.71
183,Mariehamn,50,AX,1580869848,79,60.1,19.93,28.4,3.36
184,Najran,77,SA,1580869849,50,17.49,44.13,57.2,1.92
185,Lodja,100,CD,1580869850,98,-3.48,23.43,68.07,2.42
186,Bentong,20,MY,1580869851,66,3.52,101.91,84.2,4.7
187,Narsaq,100,GL,1580869852,31,60.92,-46.05,35.6,27.51
188,Upernavik,70,GL,1580869854,81,72.79,-56.15,-15.47,10.47
189,Kumul,5,CN,1580869855,70,42.8,93.45,14.59,1.79
190,Naze,75,JP,1580869856,67,28.37,129.48,60.8,17.22
191,Acapulco de Juarez,20,MX,1580869562,83,16.86,-99.89,80.6,4.7
192,Gallup,75,US,1580869858,45,35.53,-108.74,23.0,10.29
193,Maragogi,24,BR,1580869859,76,-9.01,-35.22,81.93,10.47
194,Khorixas,100,NA,1580869860,66,-20.37,14.97,70.29,6.44
195,Rancho Palos Verdes,1,US,1580869862,30,33.74,-118.39,57.2,5.82
196,Eenhana,100,NA,1580869863,83,-17.47,16.33,71.6,4.7
197,Haines Junction,99,CA,1580869864,97,60.75,-137.51,19.92,11.1
198,Albion,90,US,1580869865,73,42.24,-84.75,33.8,6.93
199,Menongue,100,AO,1580869745,97,-14.66,17.69,61.48,4.94
200,Viedma,0,AR,1580869867,29,-40.81,-63.0,66.11,8.34
201,Sitka,40,US,1580869868,93,57.05,-135.33,37.4,6.93
202,Fuente de Oro,7,CO,1580869869,52,3.46,-73.61,78.93,4.21
203,Fairbanks,90,US,1580869761,85,64.84,-147.72,14.0,0.09
204,San Cristobal,40,VE,1580869872,65,7.77,-72.22,82.4,4.7
205,Zyryanka,100,RU,1580869873,93,65.75,150.85,-14.51,14.14
206,Pevek,100,RU,1580869874,100,69.7,170.31,-25.58,3.4
207,Calvia,67,ES,1580869875,62,39.57,2.51,55.99,17.22
208,Longonjo,100,AO,1580869876,98,-12.91,15.25,58.69,3.44
209,Luganville,75,VU,1580869877,88,-15.53,167.17,82.4,6.93
210,Shitkino,96,RU,1580869878,95,56.37,98.35,15.12,0.78
211,Yatou,0,CN,1580869880,56,37.15,122.38,24.66,20.6
212,Syamzha,100,RU,1580869881,93,60.02,41.06,13.37,9.66
213,Gediz,78,TR,1580869882,80,39.04,29.41,42.13,20.51
214,Valley City,1,US,1580869803,100,46.92,-98.0,12.2,9.17
215,Dargaville,1,NZ,1580869884,50,-35.93,173.88,71.6,9.66
216,Mezen,95,RU,1580869885,98,65.85,44.24,3.88,4.88
217,Iranshahr,0,IR,1580869886,53,27.2,60.68,46.4,6.93
218,Severo-Kuril'sk,82,RU,1580869887,79,50.68,156.12,11.59,8.97
219,Broome,90,US,1580869888,100,42.25,-75.83,35.01,5.82
220,Pisco,20,PE,1580869890,83,-13.7,-76.22,71.6,14.99
221,Gayny,100,RU,1580869891,95,60.31,54.32,19.44,6.6
222,Ola,100,RU,1580869892,67,59.58,151.28,-5.51,10.31
223,Castlemaine,0,AU,1580869893,61,-37.07,144.22,84.0,1.01
224,Taoudenni,0,ML,1580869894,23,22.68,-3.98,65.32,12.12
225,Luba,20,GQ,1580869895,94,3.46,8.55,77.0,4.7
226,Cotonou,20,BJ,1580869896,94,6.37,2.42,78.8,5.82
227,Kuznechnoye,0,RU,1580869898,90,61.12,29.87,19.0,5.17
228,Grindavik,90,IS,1580869899,100,63.84,-22.43,42.8,26.4
229,Saldanha,100,ZA,1580869900,82,-33.01,17.94,66.2,5.82
230,George,14,ZA,1580869901,94,-33.96,22.46,68.0,2.24
231,Labuhan,100,ID,1580869902,73,-6.88,112.21,84.72,3.44
232,Coquimbo,0,CL,1580869886,88,-29.95,-71.34,62.6,11.41
233,Zanjan,30,IR,1580869904,97,36.67,48.48,17.02,7.96
234,Mindelo,20,CV,1580869905,72,16.89,-24.98,68.0,25.28
235,Verkhoyansk,100,RU,1580869906,96,67.54,133.38,-28.82,1.19
236,Chute-aux-Outardes,90,CA,1580869908,79,49.12,-68.4,28.99,6.93
237,Puerto Escondido,40,MX,1580869909,74,15.85,-97.07,80.6,2.75
238,Te Anau,100,NZ,1580869910,77,-45.42,167.72,51.64,7.87
239,Poso,100,ID,1580869911,75,-1.4,120.75,76.12,4.0
240,Gizo,5,SB,1580869912,74,-8.1,156.84,83.55,11.45
241,Oistins,40,BB,1580869913,74,13.07,-59.53,78.8,14.99
242,Quatre Cocos,75,MU,1580869914,83,-20.21,57.76,78.8,11.41
243,Sokoni,40,TZ,1580869915,88,-6.43,39.55,80.6,4.47
244,Bilma,0,NE,1580869917,29,18.69,12.92,58.12,12.26
245,Booue,64,GA,1580869918,98,-0.09,11.94,70.68,1.23
246,Ketchikan,90,US,1580869919,100,55.34,-131.65,42.8,5.82
247,San Quintin,0,MX,1580869727,24,30.48,-115.95,53.94,17.29
248,Bandundu,100,CD,1580869921,93,-3.32,17.37,70.66,2.24
249,Japura,100,ID,1580869922,62,-0.32,102.35,84.6,3.15
250,Jiwani,0,PK,1580869923,60,25.05,61.74,66.31,5.08
251,Bairiki Village,20,KI,1580869924,70,1.33,172.98,87.8,4.7
252,Faya,59,SA,1580869925,70,18.39,42.45,51.8,6.46
253,Mahriz,0,IR,1580869927,30,31.59,54.43,41.0,4.7
254,Abha,38,SA,1580869732,70,18.22,42.51,51.8,0.81
255,Pacific Grove,1,US,1580869832,39,36.62,-121.92,52.0,3.36
256,Bogoroditsk,90,RU,1580869930,90,53.77,38.12,19.62,10.76
257,Vuktyl,100,RU,1580869931,97,63.86,57.31,22.1,2.86
258,Tefe,54,BR,1580869932,86,-3.35,-64.71,75.45,1.86
259,Chapais,90,CA,1580869933,77,49.78,-74.85,6.8,11.41
260,Khatanga,96,RU,1580869934,85,71.97,102.5,-19.89,12.28
261,Bubaque,15,GW,1580869936,65,11.28,-15.83,78.3,11.86
262,Vodnyy,100,RU,1580869937,94,63.5,53.41,13.41,7.56
263,Hokitika,23,NZ,1580869938,67,-42.72,170.97,59.23,15.37
264,Isangel,75,VU,1580869939,59,-19.55,169.27,89.6,13.87
265,Hamilton,90,US,1580869929,87,39.18,-84.53,37.99,14.99
266,Kondinskoye,100,RU,1580869941,98,59.65,67.41,34.18,17.25
267,Lumajang,100,ID,1580869942,49,-8.13,113.22,76.21,2.13
268,La Ronge,90,CA,1580869944,72,55.1,-105.28,12.2,4.7
269,Asau,90,RO,1580869945,100,46.43,26.4,41.0,11.41
270,Tessalit,0,ML,1580869946,21,20.2,1.01,62.87,9.53
271,Leningradskiy,100,RU,1580869947,94,69.38,178.42,-20.72,19.24
272,Urumqi,40,CN,1580869948,84,43.8,87.6,3.2,0.63
273,Pokhara,0,NP,1580869949,57,28.23,83.98,55.45,1.7
274,Pontianak,65,ID,1580869950,80,-0.03,109.33,83.64,2.42
275,Yerofey Pavlovich,0,RU,1580869952,86,53.97,121.97,-11.54,3.94
276,Maniwaki,98,CA,1580869953,84,46.38,-75.97,16.23,8.12
277,Flinders,20,AU,1580869954,47,-34.58,150.86,80.01,12.75
278,Suluq,54,LY,1580869955,89,31.67,20.25,56.73,12.73
279,Omboue,68,GA,1580869956,94,-1.57,9.26,73.62,2.1
280,Mar del Plata,5,AR,1580869952,88,-38.0,-57.56,75.99,12.75
281,Palu,100,ID,1580869958,83,-0.89,119.87,78.26,2.55
282,Port Hardy,90,CA,1580869959,93,50.7,-127.42,37.4,20.8
283,Witu,90,KE,1580869960,94,-2.39,40.44,75.2,5.19
284,Lebu,31,CL,1580869962,80,-37.62,-73.65,51.64,7.25
285,Camana,67,PE,1580869963,84,-16.62,-72.71,64.15,4.43
286,Caravelas,99,BR,1580869964,83,-17.71,-39.25,79.99,9.57
287,Robertsport,0,LR,1580869965,82,6.75,-11.37,80.26,7.96
288,Chara,94,RU,1580869924,78,56.91,118.26,-23.1,1.28
289,Lianzhou,80,CN,1580869967,88,24.78,112.38,53.15,3.85
290,Pangnirtung,100,CA,1580869968,61,66.15,-65.71,-6.72,8.08
291,Sao Filipe,0,CV,1580869969,80,14.9,-24.5,69.4,15.14
292,Deputatsky,87,RU,1580869971,94,69.3,139.9,-22.56,3.69
293,Nikolsk,93,RU,1580869972,93,53.72,46.07,19.08,11.68
294,Sao Felix do Xingu,99,BR,1580869973,94,-6.64,-51.99,72.5,1.43
295,Sao Gabriel da Cachoeira,96,BR,1580869974,79,-0.13,-67.09,77.41,1.63
296,Moranbah,0,AU,1580869975,44,-22.0,148.05,89.06,9.19
297,Cherskiy,100,RU,1580869976,99,68.75,161.3,-31.45,2.24
298,Dukat,100,RU,1580869977,96,62.55,155.55,-25.33,7.96
299,Lugovoy,59,KZ,1580869978,71,42.95,72.76,28.18,4.9
300,Paamiut,100,GL,1580869979,60,61.99,-49.67,31.73,12.64
301,Airai,33,TL,1580869981,47,-8.93,125.41,84.18,3.22
302,Sorgun,99,TR,1580869982,85,39.81,35.19,35.29,14.81
303,Bojnourd,24,IR,1580869983,68,37.47,57.33,30.2,2.24
304,College,90,US,1580869984,85,64.86,-147.8,14.0,1.72
305,Pastos Bons,98,BR,1580869985,94,-6.6,-44.08,72.03,3.38
306,Anchorage,90,US,1580869986,85,61.22,-149.9,26.01,5.55
307,Whitehorse,40,CA,1580869969,79,60.72,-135.05,23.0,20.8
308,Chiang Klang,40,TH,1580869988,82,19.29,100.86,66.2,4.59
309,Wilayat-e Zabul,0,AF,1580869990,86,32.25,67.25,7.21,5.28
310,Uozu,75,JP,1580869991,86,36.8,137.4,39.2,8.05
311,Sioux Lookout,5,CA,1580869825,77,50.1,-91.92,-0.4,6.93
312,Constitucion,0,CL,1580869814,79,-35.33,-72.42,52.12,7.96
313,Iqaluit,90,CA,1580869994,77,63.75,-68.51,5.0,2.98
314,Hofn,100,IS,1580869995,91,64.25,-15.21,46.22,36.86
315,Harper,0,LR,1580869996,96,4.38,-7.72,74.82,2.01
316,Ryotsu,75,JP,1580869997,70,38.08,138.43,42.8,4.7
317,Huarmey,100,PE,1580869998,79,-10.07,-78.15,70.57,3.29
318,Hualmay,100,PE,1580869999,81,-11.1,-77.61,70.18,4.18
319,Ilebo,100,CD,1580870001,99,-4.32,20.58,68.92,0.92
320,Sola,100,VU,1580870002,78,-13.88,167.55,84.67,11.79
321,Plastun,0,RU,1580870003,50,44.76,136.29,2.95,10.92
322,Rio Grande,42,BR,1580870004,75,-32.03,-52.1,74.97,23.8
323,Port Hawkesbury,90,CA,1580870005,68,45.62,-61.35,32.0,2.24
324,Tenosique,0,MX,1580870006,85,17.48,-91.43,74.79,6.13
325,Araouane,32,ML,1580870007,12,18.9,-3.53,65.79,8.68
326,Teguise,0,ES,1580870008,77,29.06,-13.56,64.4,9.17
327,Chongwe,75,ZM,1580870010,93,-15.33,28.68,66.2,2.24
328,Vanavara,0,RU,1580870011,92,60.34,102.28,-11.07,1.32
329,Antalaha,100,MG,1580870012,79,-14.9,50.28,79.32,18.23
330,Kentau,100,KZ,1580870013,66,43.52,68.51,36.86,9.71
331,Srednekolymsk,100,RU,1580870014,98,67.45,153.68,-23.78,2.93
332,Muros,73,ES,1580870015,93,42.78,-9.06,57.99,5.82
333,Muravlenko,100,RU,1580870016,91,63.79,74.52,22.35,20.96
334,Krasnosel'kup,100,RU,1580870017,91,65.7,82.47,10.08,21.03
335,Mackay,40,AU,1580869851,62,-21.15,149.2,89.6,13.87
336,Ranong,20,TH,1580870020,65,9.97,98.63,82.4,3.36
337,Sorong,100,ID,1580870021,51,-0.88,131.25,91.49,4.97
338,Hrymayliv,100,UA,1580870022,92,49.33,26.01,37.0,5.99
339,Lampazos de Naranjo,100,MX,1580870023,32,27.02,-100.52,73.89,10.2
340,Fethiye,75,TR,1580870024,82,36.62,29.12,59.0,14.99
341,Bouafle,0,CI,1580870025,52,6.99,-5.74,68.0,2.73
342,Husavik,90,IS,1580870009,86,66.04,-17.34,39.2,14.99
343,Phek,11,IN,1580870028,69,25.67,94.5,53.78,1.39
344,Verkhneyarkeyevo,95,RU,1580870029,92,55.45,54.31,16.66,12.06
345,Sorland,100,NO,1580870030,73,67.67,12.69,32.86,33.4
346,Pinega,92,RU,1580870031,96,64.7,43.39,0.43,5.08
347,Tambura,83,SS,1580870032,24,5.6,27.47,69.57,2.28
348,Papara,75,BR,1580870033,88,-3.98,-38.73,79.0,4.7
349,Ambilobe,100,MG,1580870034,92,-13.2,49.05,73.96,2.08
350,Lino Lakes,1,US,1580869797,65,45.16,-93.09,17.6,1.99
351,Maumere,100,ID,1580870036,71,-8.62,122.21,83.19,5.68
352,Mamontovo,100,RU,1580870038,93,52.71,81.62,19.72,8.75
353,Kanashevo,75,RU,1580870039,95,55.22,62.06,33.8,15.66
354,Nakapiripirit,58,UG,1580870040,72,1.92,34.78,67.48,4.47
355,Norman Wells,75,CA,1580870041,75,65.28,-126.83,-13.0,2.24
356,Bilibino,88,RU,1580870042,100,68.05,166.44,-37.41,1.99
357,Lensk,100,RU,1580870043,80,60.73,114.93,-11.52,1.81
358,Longkou,94,CN,1580870044,53,37.65,120.33,23.38,10.36
359,Esperance,4,AU,1580870046,44,-33.87,121.9,78.8,13.87
360,Dabat,26,ET,1580870047,69,12.98,37.77,50.45,0.18
361,Vardo,100,NO,1580870048,92,70.37,31.11,17.6,36.91
362,Ugra,18,RU,1580870049,83,54.78,34.33,20.8,8.66
363,Mogzon,98,RU,1580870050,74,51.74,111.96,-7.6,3.13
364,Sao Joao da Barra,100,BR,1580870051,83,-21.64,-41.05,78.06,19.53
365,Kashgar,0,CN,1580870052,53,39.45,75.98,23.0,11.18
366,Jalu,0,LY,1580870053,48,29.03,21.55,59.07,12.15
367,Puerto Rico,6,AR,1580870055,94,-26.8,-55.02,70.43,2.39
368,Alta Floresta,96,BR,1580870056,97,-9.88,-56.09,72.5,1.83
369,San Patricio,75,MX,1580870057,78,19.22,-104.7,78.8,5.82
370,Sotouboua,14,TG,1580870058,17,8.57,0.98,65.3,2.28
371,Dolores,0,AR,1580870059,77,-36.31,-57.68,76.62,13.53
372,Meulaboh,100,ID,1580870060,68,4.14,96.13,80.83,8.72
373,Ancud,75,CL,1580870061,81,-41.87,-73.82,50.0,3.36
374,Banjar,20,ID,1580870062,74,-8.19,114.97,87.8,9.17
375,Stokmarknes,100,NO,1580870064,92,68.56,14.91,28.0,8.99
376,Camrose,90,CA,1580869962,92,53.02,-112.84,25.0,8.05
377,Koutiala,0,ML,1580870066,12,12.39,-5.46,65.28,8.86
378,Formosa,0,AR,1580870006,66,-26.18,-58.18,86.0,11.41
379,Wuwei,47,CN,1580870068,24,37.93,102.64,30.92,2.35
380,Harbatpur,0,IN,1580870069,45,30.45,77.73,50.85,2.77
381,Arrondissement de Millau,0,FR,1580870070,86,44.08,2.92,37.99,6.93
382,Tuy Hoa,13,VN,1580869967,70,13.08,109.3,75.24,15.21
383,Galveston,90,US,1580870072,88,29.37,-94.97,72.0,11.41
384,Baiyin,100,CN,1580870074,73,36.56,104.21,30.99,6.71
385,Rovaniemi,0,FI,1580870075,84,66.5,25.72,1.4,8.05
386,Lorengau,0,PG,1580870076,80,-2.02,147.27,83.44,17.0
387,Morondava,20,MG,1580870077,89,-20.28,44.28,75.04,2.64
388,Peleduy,95,RU,1580870078,83,59.63,112.74,-11.65,2.66
389,Bredy,100,RU,1580869983,97,52.42,60.34,32.74,16.91
390,La Plaine,7,DM,1580870080,76,15.33,-61.25,78.19,15.01
391,Mossamedes,100,AO,1580870081,82,-15.2,12.15,73.17,6.02
392,Moindou,37,NC,1580870083,46,-21.69,165.68,91.4,18.34
393,Baruun-Urt,73,MN,1580870084,65,46.68,113.28,-8.3,0.51
394,Seoul,1,KR,1580870078,41,37.57,126.98,21.2,9.13
395,Linxi,51,CN,1580870086,48,39.7,118.43,28.0,8.43
396,Arcata,1,US,1580870087,61,40.87,-124.08,48.0,3.36
397,AEaenekoski,90,FI,1580870088,85,62.6,25.73,19.99,5.82
398,Cabedelo,20,BR,1580870089,83,-6.98,-34.83,80.6,4.7
399,Rumford,1,US,1580870091,80,44.55,-70.55,32.0,2.24
400,Nyurba,100,RU,1580870092,93,63.28,118.33,-20.45,2.37
401,Nautanwa,0,IN,1580870093,71,27.43,83.42,55.74,1.99
402,Yulara,79,AU,1580870094,20,-25.24,130.99,87.8,12.75
403,Bandarbeyla,100,SO,1580870095,69,9.49,50.81,76.37,19.42
404,Cooma,0,AU,1580870096,29,-36.23,149.13,75.2,9.17
405,Baghdad,0,IQ,1580870094,70,33.34,44.4,44.6,6.93
406,Buala,80,SB,1580870099,72,-8.14,159.59,85.93,16.53
407,Tallahassee,90,US,1580870040,87,30.44,-84.28,62.6,4.7
408,North Platte,90,US,1580870101,57,41.12,-100.77,24.01,5.88
409,Kiunga,35,PG,1580870102,48,-6.12,141.29,95.23,1.83
410,Timizart,100,DZ,1580870103,60,36.8,4.27,57.96,13.02
411,Uribia,0,CO,1580870104,74,11.71,-72.27,76.28,9.53
412,Manzhouli,0,CN,1580870105,77,49.6,117.43,-14.85,2.62
413,Kita,6,ML,1580870107,11,13.03,-9.49,66.99,5.37
414,Philadelphia,90,US,1580869870,71,39.95,-75.16,57.2,6.93
415,Aloleng,0,PH,1580870109,49,16.13,119.78,82.49,8.12
416,Tabory,100,RU,1580870110,98,58.52,64.55,33.85,12.12
417,Dali,0,CN,1580870111,45,25.7,100.18,49.17,4.59
418,'Ewa Beach,1,US,1580869879,61,21.32,-158.01,80.6,9.17
419,Harrisburg,75,US,1580870034,81,40.27,-76.88,55.99,10.33
420,Brae,47,GB,1580870115,81,60.4,-1.35,44.6,17.22
421,Abonnema,22,NG,1580870116,83,4.71,6.79,78.82,3.31
422,Funadhoo,13,MV,1580870117,74,6.15,73.27,81.19,12.26
423,Dingle,23,PH,1580870118,72,11.0,122.67,81.34,12.5
424,Hanko,99,FI,1580870119,84,59.83,22.95,32.0,5.99
425,Ajdabiya,67,LY,1580870120,81,30.76,20.23,62.01,17.31
426,Vao,28,NC,1580870121,76,-22.67,167.48,78.49,14.18
427,Dahanu,2,IN,1580870122,51,19.97,72.73,70.75,18.59
428,Masterton,100,NZ,1580870124,53,-40.96,175.66,73.0,5.01
429,Xiongzhou,100,CN,1580870125,94,25.12,114.3,48.92,2.84
430,Tafresh,0,IR,1580870126,61,34.69,50.01,28.42,14.79
431,Port-Cartier,40,CA,1580870127,79,50.03,-66.87,26.6,9.17
432,Iglesias,5,IT,1580870128,76,39.31,8.54,51.8,17.22
433,Vostok,100,RU,1580870129,85,46.49,135.88,-5.51,5.1
434,Luanshya,86,ZM,1580870130,97,-13.14,28.42,60.6,1.43
435,Dunedin,9,NZ,1580870131,60,-45.87,170.5,60.01,18.5
436,Lerwick,78,GB,1580870132,81,60.15,-1.15,44.6,18.34
437,Teeli,84,RU,1580870134,76,51.03,90.23,9.68,1.05
438,Tautira,75,PF,1580870135,78,-17.73,-149.15,80.6,4.7
439,Anadyr,12,RU,1580870136,75,64.75,177.48,-20.0,8.95
440,Nador,90,MA,1580870137,93,35.17,-2.93,55.4,4.7
441,Tagusao,88,PH,1580870138,58,9.19,117.81,80.67,5.77
442,Karpathos,35,GR,1580870139,82,35.51,27.21,62.6,21.92
443,Kefar Shemaryahu,0,IL,1580870140,87,32.19,34.82,53.01,2.24
444,Kloulklubed,90,PW,1580870141,94,7.04,134.26,80.6,9.17
445,Vila Franca do Campo,75,PT,1580870143,93,37.72,-25.43,62.6,11.41
446,Aldan,43,RU,1580870144,85,58.6,125.39,-14.3,1.9
447,Waipawa,100,NZ,1580870145,63,-41.41,175.52,66.99,14.99
448,Fortuna,1,US,1580870146,91,40.6,-124.16,48.0,2.51
449,Ndele,10,CF,1580870147,28,8.41,20.65,67.69,2.62
450,Mitsamiouli,98,KM,1580870148,67,-11.38,43.28,82.65,0.27
451,Saint-Augustin,72,CA,1580870149,88,51.23,-58.65,17.65,13.13
452,Urusha,0,RU,1580870150,83,54.05,122.9,-12.66,3.44
453,Halifax,90,CA,1580869868,86,44.65,-63.57,35.01,5.82
454,Kurumkan,100,RU,1580870153,87,54.3,110.3,-9.85,1.9
455,Bud,90,US,1580870154,83,39.45,-86.18,37.0,18.34
456,Ust'-Ordynskiy,100,RU,1580870155,64,52.8,104.75,-2.2,8.95
457,Boras,0,SE,1580870156,79,57.72,12.94,28.0,5.82
458,Udachny,75,RU,1580870157,75,66.42,112.4,-16.6,6.71
459,Dudinka,100,RU,1580870158,84,69.41,86.18,1.4,40.26
460,Batagay,100,RU,1580870159,96,67.63,134.63,-28.95,1.39
461,Santa Lucia,0,ES,1580870160,37,27.91,-15.54,71.01,4.7
462,Sur,21,OM,1580870162,65,22.57,59.53,62.26,2.39
463,Sisimiut,0,GL,1580870163,53,66.94,-53.67,1.81,4.14
464,Shumskiy,100,RU,1580870164,94,54.83,99.13,23.7,2.42
465,Umm Kaddadah,69,SD,1580870165,18,13.6,26.69,58.19,10.54
466,Saint Anthony,1,US,1580870166,72,45.02,-93.22,15.8,1.99
467,Hvide Sande,0,DK,1580870167,80,56.0,8.13,30.2,4.7
468,Panzhihua,0,CN,1580870168,48,26.59,101.71,55.99,1.25
469,Pasighat,57,IN,1580870169,69,28.07,95.33,61.93,1.5
470,Tuatapere,100,NZ,1580870170,61,-46.13,167.68,62.01,7.0
471,Comodoro Rivadavia,51,AR,1580870172,38,-45.87,-67.5,60.8,17.22
472,Kerouane,0,GN,1580870173,18,9.27,-9.02,63.03,3.09
473,Broken Hill,0,AU,1580870174,13,-31.95,141.43,80.6,14.99
474,Kotka,90,FI,1580870175,85,60.47,26.92,19.4,5.82
475,Linhares,100,BR,1580870176,93,-19.39,-40.07,73.38,2.39
476,Maungaturoto,5,NZ,1580870177,66,-36.1,174.37,73.99,15.01
477,Murdochville,73,CA,1580870178,92,48.96,-65.5,16.66,7.36
478,Rudnyy,90,KZ,1580870179,96,52.96,63.12,32.0,29.08
479,Mangai,100,CD,1580870181,99,-4.05,19.53,69.58,1.1
480,Arman,100,RU,1580870182,63,59.7,150.17,-0.85,10.29
481,Puerto Carreno,100,CO,1580870183,58,6.19,-67.49,86.0,11.41
482,Buchanan,20,LR,1580870184,94,5.88,-10.05,75.2,2.82
483,Gonder,45,ET,1580870185,42,12.6,37.47,56.35,4.99
484,Berezovyy,100,RU,1580870186,69,51.67,135.7,4.73,2.1
485,Baykit,72,RU,1580870187,97,61.67,96.37,-15.43,0.65
486,Beloha,0,MG,1580870188,78,-25.17,45.05,72.82,8.08
487,Ust-Maya,100,RU,1580869985,94,60.42,134.53,-33.88,0.67
488,Amurzet,0,RU,1580869925,81,47.7,131.1,-1.5,8.84
489,Kurunegala,40,LK,1580870192,88,7.49,80.36,75.2,2.24
490,Tazovsky,100,RU,1580870193,92,67.47,78.7,14.05,19.8
491,Mogadishu,0,SO,1580870194,79,2.04,45.34,77.85,20.45
492,Chojnice,63,PL,1580870195,88,53.7,17.56,35.01,15.01
493,Atbasar,100,KZ,1580870196,92,51.8,68.33,29.16,14.52
494,Taltal,0,CL,1580870197,88,-25.4,-70.48,59.63,2.17
495,Lae,100,PG,1580870198,73,-6.72,146.98,77.9,3.71
496,Gushikawa,75,JP,1580870200,72,26.35,127.87,66.2,13.87
497,Beyneu,100,KZ,1580870201,77,45.32,55.2,34.86,11.34
498,Jyvaskyla,90,FI,1580870202,85,62.23,25.73,19.99,5.82
499,Vadso,100,NO,1580870203,78,70.07,29.75,17.6,23.04
500,Canguaretama,40,BR,1580870204,83,-6.38,-35.13,80.6,9.17
501,Damghan,67,IR,1580870205,53,36.17,54.35,32.65,2.62
502,Dumai,100,ID,1580870012,60,1.68,101.45,84.33,5.14
503,Buin,0,CL,1580869952,49,-33.73,-70.75,68.0,14.99
504,Moron,0,AR,1580870042,69,-34.65,-58.62,88.0,5.82
505,Mercedes,0,AR,1580870210,38,-34.65,-59.43,87.01,4.0
506,Baculin,83,PH,1580870211,61,7.45,126.58,84.85,6.51
507,Avera,40,US,1580870212,77,33.19,-82.53,64.4,8.05
508,Vestmannaeyjar,100,IS,1580870213,89,63.44,-20.27,46.74,30.58
509,Bosaso,0,SO,1580870214,77,11.28,49.18,75.51,15.23
510,Kiruna,0,SE,1580870011,78,67.86,20.23,10.4,13.87
511,Bahia Honda,84,CU,1580870217,87,22.9,-83.16,70.29,6.64
512,Takoradze,51,GH,1580869974,87,4.88,-1.76,75.43,1.77
513,San,6,ML,1580870008,11,13.3,-4.9,67.46,9.64
514,Jasper,90,US,1580870220,88,37.2,-94.35,33.01,13.87
515,Ossora,32,RU,1580870221,85,59.24,163.07,-7.87,5.79
516,Pangkalanbuun,100,ID,1580870222,68,-2.68,111.62,86.2,3.15
517,Ibitinga,100,BR,1580870223,100,-21.76,-48.83,75.2,5.82
518,Genhe,16,CN,1580870224,85,50.78,121.52,-11.34,3.53
519,Plettenberg Bay,43,ZA,1580870226,96,-34.05,23.37,68.85,3.49
520,Port Macquarie,40,AU,1580870227,64,-31.43,152.92,79.0,11.41
521,Crotone,18,IT,1580870228,86,39.09,17.12,43.77,18.84
522,Farafangana,21,MG,1580870229,78,-22.82,47.83,79.57,11.05
523,Ust-Kuyga,100,RU,1580870230,99,70.02,135.6,-29.96,3.44
524,Aykhal,75,RU,1580870231,75,66.0,111.5,-16.6,6.71
525,Spring Hill,40,US,1580870232,100,28.48,-82.53,66.99,2.91
526,Damoh,0,IN,1580870233,48,23.83,79.45,60.55,6.6
527,Itatiaia,100,BR,1580870234,98,-22.5,-44.56,68.18,0.43
528,Avanuorri,40,NO,1580870236,73,71.0,24.66,21.2,27.51
529,Khor,100,RU,1580870237,96,47.89,134.95,-8.81,6.78
530,Zhigansk,33,RU,1580870238,95,66.77,123.37,-37.59,2.62
531,Lokosovo,100,RU,1580870239,93,61.13,74.82,27.64,9.71
532,Petropavlovsk-Kamchatsky,0,RU,1580870240,45,53.05,158.65,1.4,11.18
533,San Mateo del Mar,9,MX,1580870241,83,16.2,-95.0,80.55,14.0
534,Yerbogachen,0,RU,1580870242,90,61.28,108.01,-17.63,2.08
535,Erdenet,0,MN,1580870243,81,49.03,104.08,-0.74,2.82
536,Nalut,0,LY,1580870245,46,30.33,10.85,53.46,10.76
537,Mitzic,53,GA,1580870246,98,0.78,11.55,68.68,3.06
538,Malpe,20,IN,1580870247,83,13.35,74.72,73.4,6.93
539,Nosivka,100,UA,1580870248,85,50.93,31.58,31.8,13.27
540,Oeiras do Para,100,BR,1580870249,97,-2.0,-49.85,73.65,2.48
541,Latung,24,PH,1580870250,76,5.5,120.88,81.3,12.84
542,Quelimane,20,MZ,1580870251,100,-17.88,36.89,78.8,3.47
543,Blythe,1,US,1580870252,9,33.61,-114.6,51.8,20.8
544,Lata,0,PT,1580870253,93,40.16,-8.33,51.01,2.24
545,Sao Raimundo das Mangabeiras,100,BR,1580870255,91,-7.02,-45.48,72.55,3.29
546,Coyhaique,75,CL,1580870256,81,-45.58,-72.07,44.6,5.82
547,Frontera,98,MX,1580869983,28,26.93,-101.45,70.2,4.41
548,Moose Factory,90,CA,1580870258,70,51.26,-80.61,-0.4,6.93
549,Waingapu,100,ID,1580870259,77,-9.66,120.26,83.12,14.74
550,Evensk,100,RU,1580870260,93,61.95,159.23,-10.07,15.43
551,Portland,90,US,1580869975,56,45.52,-122.68,43.0,10.29
552,Las Choapas,100,MX,1580870262,93,17.93,-94.08,73.11,6.58
553,San Rafael del Sur,86,NI,1580870264,69,11.85,-86.44,80.6,9.17
554,Ulundi,45,ZA,1580870265,97,-28.34,31.42,66.81,4.72
555,Abdulino,97,RU,1580869983,95,53.7,53.67,18.66,10.07
556,Blyth,75,GB,1580870267,93,55.13,-1.51,37.0,4.7
557,Kathmandu,12,NP,1580870268,100,27.72,85.32,42.8,0.85
558,Beitbridge,0,ZW,1580870269,69,-22.22,30.0,72.95,4.43
559,Skibotn,90,NO,1580870270,100,69.39,20.27,23.0,21.92
560,Hambantota,40,LK,1580870004,100,6.12,81.12,75.2,6.93
561,Lubango,100,AO,1580870273,96,-14.92,13.49,60.03,4.56
562,Tamiahua,100,MX,1580870274,90,21.27,-97.45,71.78,11.3
563,The Valley,20,AI,1580870073,83,18.22,-63.06,79.0,8.05
564,Kapiri Mposhi,75,ZM,1580870276,97,-13.97,28.68,62.31,0.85
565,Polunochnoye,100,RU,1580870277,97,60.87,60.42,16.61,2.95
566,Sayhat,7,SA,1580870051,71,26.49,50.04,59.0,2.24
567,Yangjiang,100,CN,1580870280,66,21.85,111.97,62.01,3.96
568,Shakawe,45,BW,1580870281,85,-18.37,21.85,66.99,2.1
569,Brasilia,40,BR,1580870282,83,-15.78,-47.93,71.6,5.82
570,Merced,1,US,1580870283,39,37.17,-120.75,48.2,3.36
